{
  "1234": {
    "name": "Яблоки",
    "cost": 44.2,
    "description": "Сочные спелы",
    "order": 3,
    "img" : "apple.png"
  },
  "1235": {
    "name": "Вишня",
    "cost": 54.6,
    "description": "Кислая красная",
    "order": 5,
    "img" : "cherry.png"
  },
  "1236": {
    "name": "Виноград",
    "cost": 94.2,
    "description": "Сладкий, синий и зеленый",
    "order": 1,
    "img" : "grape.png"
  },
  "1237": {
    "name": "Арбуз",
    "cost": 23,
    "description": "Сладкий красный",
    "order": 8,
    "img" : "watermelon.png"
  }
}